{"cameraMode":{"drawMode":0,"name":"Shaded","section":"Shading Mode"},"sceneLighting":true,"audioPlay":false,"sceneViewState":{"m_AlwaysRefresh":false,"showFog":true,"showSkybox":true,"showFlares":true,"showImageEffects":true,"showParticleSystems":true,"showVisualEffectGraphs":true,"m_FxEnabled":true},"in2DMode":false,"pivot":{"x":825.1233520507813,"y":405.4198303222656,"z":-42.17314529418945},"rotation":{"x":-0.008308920077979565,"y":-0.008402073755860329,"z":0.00007346820348175243,"w":-0.9999253749847412},"size":391.85003662109377,"orthographic":false}