{"cameraMode":{"drawMode":0,"name":"Shaded","section":"Shading Mode"},"sceneLighting":true,"audioPlay":false,"sceneViewState":{"m_AlwaysRefresh":false,"showFog":true,"showSkybox":true,"showFlares":true,"showImageEffects":true,"showParticleSystems":true,"showVisualEffectGraphs":true,"m_FxEnabled":true},"in2DMode":false,"pivot":{"x":322.1114196777344,"y":49.4190788269043,"z":-39.63706588745117},"rotation":{"x":-0.008308920077979565,"y":-0.008402073755860329,"z":0.00007346820348175243,"w":-0.9999253749847412},"size":30.49077606201172,"orthographic":false}